<ROOT>
    <data>
        <record>
            <field name="Country or Area">Canada</field>
            <field name="Year">2017</field>
            <field name="Value">715749.23241154</field>
        </record>
        <record>
            <field name="Country or Area">Canada</field>
            <field name="Year">2016</field>
            <field name="Value">707727.165617479</field>
        </record>
        <record>
            <field name="Country or Area">Canada</field>
            <field name="Year">2015</field>
            <field name="Value">721992.083557336</field>
        </record>
        <record>
            <field name="Country or Area">Canada</field>
            <field name="Year">2014</field>
            <field name="Value">723090.986330032</field>
        </record>
        <record>
            <field name="Country or Area">Canada</field>
            <field name="Year">2013</field>
            <field name="Value">722062.808064815</field>
        </record>
        <record>
            <field name="Country or Area">Canada</field>
            <field name="Year">2012</field>
            <field name="Value">711023.233137937</field>
        </record>
        <record>
            <field name="Country or Area">Canada</field>
            <field name="Year">2011</field>
            <field name="Value">703378.94918725</field>
        </record>
        <record>
            <field name="Country or Area">Canada</field>
            <field name="Year">2010</field>
            <field name="Value">692618.853387883</field>
        </record>
        <record>
            <field name="Country or Area">Canada</field>
            <field name="Year">2009</field>
            <field name="Value">681699.295265029</field>
        </record>
        <record>
            <field name="Country or Area">Canada</field>
            <field name="Year">2008</field>
            <field name="Value">723225.103393441</field>
        </record>
        <record>
            <field name="Country or Area">Canada</field>
            <field name="Year">2007</field>
            <field name="Value">743766.909534822</field>
        </record>
        <record>
            <field name="Country or Area">Canada</field>
            <field name="Year">2006</field>
            <field name="Value">721444.528217199</field>
        </record>
        <record>
            <field name="Country or Area">Canada</field>
            <field name="Year">2005</field>
            <field name="Value">730349.475567518</field>
        </record>
        <record>
            <field name="Country or Area">Canada</field>
            <field name="Year">2004</field>
            <field name="Value">742971.644128776</field>
        </record>
        <record>
            <field name="Country or Area">Canada</field>
            <field name="Year">2003</field>
            <field name="Value">741002.787682284</field>
        </record>
        <record>
            <field name="Country or Area">Canada</field>
            <field name="Year">2002</field>
            <field name="Value">724348.553329597</field>
        </record>
        <record>
            <field name="Country or Area">Canada</field>
            <field name="Year">2001</field>
            <field name="Value">719733.428442391</field>
        </record>
        <record>
            <field name="Country or Area">Canada</field>
            <field name="Year">2000</field>
            <field name="Value">730587.601804916</field>
        </record>
        <record>
            <field name="Country or Area">Canada</field>
            <field name="Year">1999</field>
            <field name="Value">707376.01525363</field>
        </record>
        <record>
            <field name="Country or Area">Canada</field>
            <field name="Year">1998</field>
            <field name="Value">694531.39397746</field>
        </record>
        <record>
            <field name="Country or Area">Canada</field>
            <field name="Year">1997</field>
            <field name="Value">686988.022262297</field>
        </record>
        <record>
            <field name="Country or Area">Canada</field>
            <field name="Year">1996</field>
            <field name="Value">672053.099319326</field>
        </record>
        <record>
            <field name="Country or Area">Canada</field>
            <field name="Year">1995</field>
            <field name="Value">651011.018005915</field>
        </record>
        <record>
            <field name="Country or Area">Canada</field>
            <field name="Year">1994</field>
            <field name="Value">633675.451903352</field>
        </record>
        <record>
            <field name="Country or Area">Canada</field>
            <field name="Year">1993</field>
            <field name="Value">612264.415775658</field>
        </record>
        <record>
            <field name="Country or Area">Canada</field>
            <field name="Year">1992</field>
            <field name="Value">610440.864288721</field>
        </record>
        <record>
            <field name="Country or Area">Canada</field>
            <field name="Year">1991</field>
            <field name="Value">593402.355386533</field>
        </record>
        <record>
            <field name="Country or Area">Canada</field>
            <field name="Year">1990</field>
            <field name="Value">602184.441150153</field>
        </record>
    </data>
</ROOT>